{"piersmorgan": {"money": 0.002086412269561678, "yawn": 0.04590106993035691, "who": 0.00217952266140156, "cosbi": 0.0, "issu": 0.0, "jamestaylor20": 0.002086412269561678, "gorilla": 0.002086412269561678, "haramb": 0.0, "have": 0.008075347907358803, "aussi": 0.0, "bit": 0.00047551899695135125, "brexit": 0.0018701642119039903, ".you": 0.0, "boycott": 0.002086412269561678, "lot": 0.0004886883903328827, "media": 0.002743677484947083, "la": 0.00023801978806849041, "slug": 0.0037403284238079807, "sexist": 0.0017167337732630404, "roll": 0.0007184392789155251, "hard": 0.0007184392789155251, "roy": 0.001228045382930158, "peopl": 0.0, "opinion": 0.0014182720196974816, "goochi": 0.0, "supplier": 0.0, "young": 0.001177213287034518, "respons": 0.0, "unfit": 0.002086412269561678, "amp": 0.000429002799112073, "putin": 0.0014182720196974816, "best": 0.0016150695814717607, "block": 0.0, "mate": 0.004501457146816059, "fraser": 0.002086412269561678, "merchant": 0.002086412269561678, "roast": 0.0018701642119039903, "show": 0.0, "apprentic": 0.0, "b\u2026": 0.001347055276964403, "hi": 0.00039753817487759956, "dailymail": 0.047987482199918594, "potti": 0.0, "duckett": 0.002086412269561678, "gmangk": 0.002086412269561678, "action": 0.0007838271840314356, "brad": 0.0015004857156053527, "alleg": 0.0, "gay": 0.001177213287034518, "pauljude9": 0.002086412269561678, "headingley": 0.002086412269561678, "marmit": 0.0, "per": 5.029902905132876e-05, "assault": 0.0030009714312107054, "troubl": 0.0, "thing": 0.00017520216905175256, "today": 0.0003068608772818996, "tv": 0.001798780538091332, "competit": 0.0, "englishman": 0.002086412269561678, "hous": 0.0, "anyon": 0.0, "assum": 0.0, "racist": 0.0018701642119039903, "or": 0.0016107148464598034, "hilari": 0.0, "american": 0.008505392841273001, "revolt": 0.0, "figur": 0.0, "ewanmcqueen_91": 0.002086412269561678, "bloke": 0.002086412269561678, "time": 0.0001733535247976266, "decad": 0.0, "celeb": 0.00054488066535039, "boy": 0.0008075347907358804, "my": 0.0013315864573712676, "offic": 0.0, "supermarket": 0.0, "stirringit": 0.002086412269561678, "stuff": 0.0009450436490303336, "https//\u2026": 0.0, "er": 0.0006789150271002067, "herochalleng": 0.0, "sunglass": 0.0, "fire": 0.000739356992597275, "day": 9.900064594893993e-05, "person": 0.0016150695814717607, "distract": 0.0, "mailonlin": 0.0, "check": 0.00041414868773279804, "doubt": 0.003433467546526081, "beefi": 0.0, "knowledg": 0.0, "asst": 0.0018701642119039903, "arrest": 0.0028365440393949633, "trunp": 0.004172824539123356, "trump": 0.02996443676668163, "dinner": 0.001177213287034518, "few": 0.0018701642119039903, "though": 0.0013966222079826798, "major": 0.0, "number": 0.0017167337732630404, "deck": 0.0017167337732630404, "habit": 0.0018701642119039903, "effort": 0.0014182720196974816, "tuition": 0.002086412269561678, "morgan": 0.003433467546526081, "pathet": 0.0, "jungl": 0.0, "skysportsgolf": 0.002086412269561678, "pundit": 0.004172824539123356, "chigwel": 0.0, "kp24": 0.002086412269561678, "passion": 0.001228045382930158, "bumblecricket": 0.004172824539123356, "ultra": 0.0, "talent": 0.0008323454657411565, "just": 0.0031884640040299754, "well": 0.00101179732527247, "campaign": 0.004886883903328827, "a\u2026": 0.0005599051330659614, "speak": 0.0, "champ": 0.0010881177752141626, "pfft": 0.002086412269561678, "class": 0.0008075347907358804, "v": -5.306843121689649e-06, "journalist": 0.0017167337732630404, " televisiontvm, thanks very much": 0.0, "joke": 0.0, "kp": 0.001771446620609761, "hillari": 0.0, "rip": 0.0011308072193067153, "hrc": 0.0015977238792287951, "too": 0.005440588876070812, "profil": 0.0, "lion": 0.0, "nextfaketrumpvictim": 0.004172824539123356, "friend": 0.0006184730616031383, "kevin": 0.0029321303419972966, "robbiesavage8": 0.014604885886931745, "line": 0.0008053574232299017, "answer": 0.0, "urg": 0.0, "whilst": 0.0037403284238079807, "die": 0.0, "help": 0.0009277095924047075, "q": -5.306843121689649e-06, "pig": 0.0015977238792287951, "pest": 0.034334675465260804, "makeamericagreat": 0.002086412269561678, "chang": 0.0, "sainsburi": 0.0, "great": 0.00163464199605117, "realdonaldtrump": 0.001228045382930158, "ralli": 0.0, "fan": 0.00028140412911059837, "trump.\u2026": 0.002086412269561678, "sat": 0.0008323454657411565, "cock": 0.0017167337732630404, "india": 0.0008583668866315202, "pretti": 0.0, "bullshit": 0.002086412269561678, "harm": 0.0, "tyson_furi": 0.0, "novemb": 0.0, "relationship": 0.0015977238792287951, "donald": 0.012803828263086386, "shit": 0.0009773767806657654, "makeenglandgreatagain": 0.002086412269561678, "root": 0.002086412269561678, "mailon\u2026": 0.014604885886931745, "footbal": 0.0, "imagin": 0.0, "buttler": 0.002086412269561678, "fl": 0.0006789150271002067, "way": 8.66767623988133e-05, "bill": 0.0008075347907358804, "soap": 0.002086412269561678, "will": 0.003961197939205175, "posit": 0.0, "poor": 0.0018701642119039903, "girl": 0.0, "hughlauri": 0.0, " differ": 0.0, "kristenhcnn": 0.002086412269561678, "star": 0.00048176814845427463, "shatner": 0.002086412269561678, "million": 0.0, "playbook": 0.002086412269561678, "women": 0.01674483190617771, "gerardbarry1972": 0.002086412269561678, "spot": 0.0009773767806657654, "sex": 0.020120301556278607, "thejeremyvin": 0.0, "men": 0.0019547535613315308, "schole": 0.0, "cheer": 0.0, "audienc": 0.0, "sherlock": 0.002086412269561678, "wikileak": 0.0, "column": 0.022317539052419524, "appeal": 0.0018701642119039903, "barrier": 0.0, "world": 0.0005448806653503901, "..": 0.0, "canada": 0.0010485935233988442, "everyon": 0.0, "column***": 0.0, "shanewarn": 0.0, "fee": 0.0, "year": 0.0, "deceit": 0.002086412269561678, " pictur": 0.0, "realiti": 0.0, "presid": 0.0, "killer": 0.0051502013197891215, "night": 0.00014636631770760552, "shame": 0.0014182720196974816, "dirti": 0.0, "crap": 0.002086412269561678, "mr": 0.000607698284367128, "word": 0.0005021912212578374, "us": 0.0005448806653503901, "spoon": 0.0017167337732630404, "wind": 0.0014182720196974816, "newcastl": 0.0, "foiiow": 0.002086412269561678, " a": 0.0, " year": 0.0, "standard": 0.0015977238792287951, "ditch": 0.002086412269561678, "voter": 0.0, "fli": 0.0, "tonight": 0.0004928378235696625, "https\u2026": 0.0008323454657411565, "pervert": 0.002086412269561678, "brit": 0.0, "predat": 0.0, "zoo": 0.0015004857156053527, "***new": 0.0, "piersmorgan": 0.24619664780827796, "articl": 0.0, "coincid": 0.0, "lie": 0.0, "knock": 0.001347055276964403, "america": 0.007262196221876154, "differ": 0.0, "email": 0.0, "golden": 0.0015004857156053527, "corrupt": 0.0051502013197891215, "player": 0.001177213287034518, "nice": 0.0010881177752141626, "pussygalor": 0.0, "memo": 0.0015004857156053527, "barrag": 0.0, "hale": 0.0, "pier": 0.0}}