{"piersmorgan": {"celeb": 0.00054488066535039, "amp": 0.000429002799112073, "way": 8.66767623988133e-05, "lie": 0.0, "voter": 0.0, "shatner": 0.002086412269561678, "rip": 0.0011308072193067153, "passion": 0.001228045382930158, "robbiesavage8": 0.014604885886931745, "my": 0.0013315864573712676, "pervert": 0.002086412269561678, "just": 0.0031884640040299754, "hughlauri": 0.0, "decad": 0.0, "er": 0.0006789150271002067, ".you": 0.0, "appeal": 0.0018701642119039903, "bumblecricket": 0.004172824539123356, "troubl": 0.0, "anyon": 0.0, "nextfaketrumpvictim": 0.004172824539123356, "trump": 0.02996443676668163, "jamestaylor20": 0.002086412269561678, "column": 0.022317539052419524, "haramb": 0.0, "la": 0.00023801978806849041, "tuition": 0.002086412269561678, "issu": 0.0, "slug": 0.0037403284238079807, "stirringit": 0.002086412269561678, "help": 0.0009277095924047075, "knowledg": 0.0, "hale": 0.0, "presid": 0.0, "..": 0.0, "pig": 0.0015977238792287951, "kevin": 0.0029321303419972966, "tonight": 0.0004928378235696625, "thejeremyvin": 0.0, "chang": 0.0, "***new": 0.0, "makeamericagreat": 0.002086412269561678, "peopl": 0.0, "dirti": 0.0, "year": 0.0, "check": 0.00041414868773279804, "class": 0.0008075347907358804, "makeenglandgreatagain": 0.002086412269561678, "today": 0.0003068608772818996, "gorilla": 0.002086412269561678, "revolt": 0.0, "relationship": 0.0015977238792287951, "sexist": 0.0017167337732630404, "hilari": 0.0, "best": 0.0016150695814717607, "headingley": 0.002086412269561678, "chigwel": 0.0, "shame": 0.0014182720196974816, "spoon": 0.0017167337732630404, "arrest": 0.0028365440393949633, "pussygalor": 0.0, "unfit": 0.002086412269561678, "killer": 0.0051502013197891215, "v": -5.306843121689649e-06, "newcastl": 0.0, "america": 0.007262196221876154, "mailonlin": 0.0, "men": 0.0019547535613315308, "hrc": 0.0015977238792287951, "pathet": 0.0, "ditch": 0.002086412269561678, "beefi": 0.0, "action": 0.0007838271840314356, "morgan": 0.003433467546526081, "mate": 0.004501457146816059, "racist": 0.0018701642119039903, "person": 0.0016150695814717607, "kp": 0.001771446620609761, "fire": 0.000739356992597275, "block": 0.0, "hous": 0.0, "india": 0.0008583668866315202, "footbal": 0.0, "https\u2026": 0.0008323454657411565, "bill": 0.0008075347907358804, "asst": 0.0018701642119039903, "talent": 0.0008323454657411565, "journalist": 0.0017167337732630404, "potti": 0.0, " differ": 0.0, "respons": 0.0, "fan": 0.00028140412911059837, "shanewarn": 0.0, "pundit": 0.004172824539123356, "everyon": 0.0, "joke": 0.0, "mr": 0.000607698284367128, "few": 0.0018701642119039903, "roy": 0.001228045382930158, "skysportsgolf": 0.002086412269561678, "barrag": 0.0, "thing": 0.00017520216905175256, "canada": 0.0010485935233988442, "pier": 0.0, "friend": 0.0006184730616031383, " pictur": 0.0, "cock": 0.0017167337732630404, " year": 0.0, "soap": 0.002086412269561678, "standard": 0.0015977238792287951, "brexit": 0.0018701642119039903, "pest": 0.034334675465260804, "assault": 0.0030009714312107054, "have": 0.008075347907358803, "boy": 0.0008075347907358804, "sat": 0.0008323454657411565, "campaign": 0.004886883903328827, "hi": 0.00039753817487759956, "brad": 0.0015004857156053527, "million": 0.0, "roast": 0.0018701642119039903, "lion": 0.0, "englishman": 0.002086412269561678, "trunp": 0.004172824539123356, "differ": 0.0, "profil": 0.0, " a": 0.0, "duckett": 0.002086412269561678, "shit": 0.0009773767806657654, "posit": 0.0, "wind": 0.0014182720196974816, "pauljude9": 0.002086412269561678, "who": 0.00217952266140156, "show": 0.0, "stuff": 0.0009450436490303336, "hillari": 0.0, "alleg": 0.0, "deceit": 0.002086412269561678, "putin": 0.0014182720196974816, "schole": 0.0, "column***": 0.0, "figur": 0.0, "deck": 0.0017167337732630404, "time": 0.0001733535247976266, " televisiontvm, thanks very much": 0.0, "roll": 0.0007184392789155251, "fraser": 0.002086412269561678, "poor": 0.0018701642119039903, "realdonaldtrump": 0.001228045382930158, "media": 0.002743677484947083, "player": 0.001177213287034518, "mailon\u2026": 0.014604885886931745, "articl": 0.0, "or": 0.0016107148464598034, "email": 0.0, "a\u2026": 0.0005599051330659614, "word": 0.0005021912212578374, "realiti": 0.0, "brit": 0.0, "habit": 0.0018701642119039903, "gerardbarry1972": 0.002086412269561678, "dailymail": 0.047987482199918594, "barrier": 0.0, "money": 0.002086412269561678, "knock": 0.001347055276964403, "hard": 0.0007184392789155251, "per": 5.029902905132876e-05, "crap": 0.002086412269561678, "tyson_furi": 0.0, "apprentic": 0.0, "pfft": 0.002086412269561678, "die": 0.0, "champ": 0.0010881177752141626, "offic": 0.0, "line": 0.0008053574232299017, "nice": 0.0010881177752141626, "day": 9.900064594893993e-05, "kp24": 0.002086412269561678, "zoo": 0.0015004857156053527, "golden": 0.0015004857156053527, "spot": 0.0009773767806657654, "kristenhcnn": 0.002086412269561678, "whilst": 0.0037403284238079807, "gay": 0.001177213287034518, "bit": 0.00047551899695135125, "pretti": 0.0, "american": 0.008505392841273001, "foiiow": 0.002086412269561678, "ralli": 0.0, "great": 0.00163464199605117, "star": 0.00048176814845427463, "well": 0.00101179732527247, "marmit": 0.0, "fl": 0.0006789150271002067, "doubt": 0.003433467546526081, "though": 0.0013966222079826798, "distract": 0.0, "cosbi": 0.0, "coincid": 0.0, "b\u2026": 0.001347055276964403, "opinion": 0.0014182720196974816, "number": 0.0017167337732630404, "playbook": 0.002086412269561678, "predat": 0.0, "jungl": 0.0, "https//\u2026": 0.0, "too": 0.005440588876070812, "speak": 0.0, "us": 0.0005448806653503901, "audienc": 0.0, "goochi": 0.0, "dinner": 0.001177213287034518, "lot": 0.0004886883903328827, "night": 0.00014636631770760552, "harm": 0.0, "cheer": 0.0, "sex": 0.020120301556278607, "root": 0.002086412269561678, "major": 0.0, "supermarket": 0.0, "ewanmcqueen_91": 0.002086412269561678, "merchant": 0.002086412269561678, "supplier": 0.0, "yawn": 0.04590106993035691, "wikileak": 0.0, "sunglass": 0.0, "boycott": 0.002086412269561678, "sainsburi": 0.0, "herochalleng": 0.0, "bloke": 0.002086412269561678, "gmangk": 0.002086412269561678, "aussi": 0.0, "novemb": 0.0, "women": 0.01674483190617771, "corrupt": 0.0051502013197891215, "answer": 0.0, "fli": 0.0, "sherlock": 0.002086412269561678, "will": 0.003961197939205175, "assum": 0.0, "urg": 0.0, "memo": 0.0015004857156053527, "bullshit": 0.002086412269561678, "piersmorgan": 0.24619664780827796, "young": 0.001177213287034518, "imagin": 0.0, "donald": 0.012803828263086386, "ultra": 0.0, "world": 0.0005448806653503901, "fee": 0.0, "effort": 0.0014182720196974816, "buttler": 0.002086412269561678, "tv": 0.001798780538091332, "trump.\u2026": 0.002086412269561678, "girl": 0.0, "competit": 0.0, "q": -5.306843121689649e-06}}