{"piersmorgan": {"amp": 0.000429002799112073, "supermarket": 0.0, "tuition": 0.002086412269561678, "class": 0.0008075347907358804, "jungl": 0.0, "offic": 0.0, "habit": 0.0018701642119039903, "peopl": 0.0, "https\u2026": 0.0008323454657411565, "roast": 0.0018701642119039903, "hous": 0.0, "deceit": 0.002086412269561678, "issu": 0.0, "schole": 0.0, "trump.\u2026": 0.002086412269561678, "passion": 0.001228045382930158, "knock": 0.001347055276964403, "soap": 0.002086412269561678, "mailonlin": 0.0, "er": 0.0006789150271002067, "hard": 0.0007184392789155251, "ralli": 0.0, "aussi": 0.0, "thejeremyvin": 0.0, "wikileak": 0.0, "barrag": 0.0, "lie": 0.0, "cheer": 0.0, " a": 0.0, "everyon": 0.0, "bloke": 0.002086412269561678, "shit": 0.0009773767806657654, " year": 0.0, "us": 0.0005448806653503901, "girl": 0.0, "spot": 0.0009773767806657654, "sunglass": 0.0, "sexist": 0.0017167337732630404, "barrier": 0.0, "shanewarn": 0.0, "kristenhcnn": 0.002086412269561678, "englishman": 0.002086412269561678, "standard": 0.0015977238792287951, "tv": 0.001798780538091332, "campaign": 0.004886883903328827, "trump": 0.02996443676668163, "pig": 0.0015977238792287951, "slug": 0.0037403284238079807, "golden": 0.0015004857156053527, "morgan": 0.003433467546526081, "respons": 0.0, "alleg": 0.0, "too": 0.005440588876070812, "kevin": 0.0029321303419972966, "hughlauri": 0.0, "pauljude9": 0.002086412269561678, "celeb": 0.00054488066535039, ".you": 0.0, "nextfaketrumpvictim": 0.004172824539123356, "action": 0.0007838271840314356, "mate": 0.004501457146816059, "bumblecricket": 0.004172824539123356, "friend": 0.0006184730616031383, "lot": 0.0004886883903328827, " pictur": 0.0, "headingley": 0.002086412269561678, "q": -5.306843121689649e-06, "night": 0.00014636631770760552, "hale": 0.0, "tonight": 0.0004928378235696625, "bit": 0.00047551899695135125, "assum": 0.0, "hi": 0.00039753817487759956, "merchant": 0.002086412269561678, "footbal": 0.0, "spoon": 0.0017167337732630404, "duckett": 0.002086412269561678, "decad": 0.0, "putin": 0.0014182720196974816, "hilari": 0.0, "v": -5.306843121689649e-06, "sex": 0.020120301556278607, "effort": 0.0014182720196974816, "day": 9.900064594893993e-05, "who": 0.00217952266140156, "sherlock": 0.002086412269561678, "distract": 0.0, "pest": 0.034334675465260804, "deck": 0.0017167337732630404, "unfit": 0.002086412269561678, "brit": 0.0, "jamestaylor20": 0.002086412269561678, "hillari": 0.0, "yawn": 0.04590106993035691, "chigwel": 0.0, "articl": 0.0, "herochalleng": 0.0, "doubt": 0.003433467546526081, "competit": 0.0, "..": 0.0, "tyson_furi": 0.0, "have": 0.008075347907358803, "wind": 0.0014182720196974816, "pfft": 0.002086412269561678, "supplier": 0.0, "rip": 0.0011308072193067153, "nice": 0.0010881177752141626, "pier": 0.0, "fl": 0.0006789150271002067, "brad": 0.0015004857156053527, "best": 0.0016150695814717607, "lion": 0.0, "makeenglandgreatagain": 0.002086412269561678, "novemb": 0.0, "today": 0.0003068608772818996, "voter": 0.0, "million": 0.0, "champ": 0.0010881177752141626, "appeal": 0.0018701642119039903, "gerardbarry1972": 0.002086412269561678, "pervert": 0.002086412269561678, "potti": 0.0, "dailymail": 0.047987482199918594, "marmit": 0.0, "donald": 0.012803828263086386, "differ": 0.0, "opinion": 0.0014182720196974816, "figur": 0.0, "kp24": 0.002086412269561678, "just": 0.0031884640040299754, "posit": 0.0, "relationship": 0.0015977238792287951, "knowledg": 0.0, "star": 0.00048176814845427463, "show": 0.0, "realiti": 0.0, "ultra": 0.0, "predat": 0.0, "column***": 0.0, "goochi": 0.0, "pretti": 0.0, "or": 0.0016107148464598034, "fire": 0.000739356992597275, "poor": 0.0018701642119039903, "will": 0.003961197939205175, "crap": 0.002086412269561678, "boycott": 0.002086412269561678, "roy": 0.001228045382930158, "anyon": 0.0, "root": 0.002086412269561678, "american": 0.008505392841273001, "block": 0.0, "sat": 0.0008323454657411565, "stuff": 0.0009450436490303336, "stirringit": 0.002086412269561678, "shame": 0.0014182720196974816, "check": 0.00041414868773279804, " differ": 0.0, "corrupt": 0.0051502013197891215, "newcastl": 0.0, "assault": 0.0030009714312107054, "revolt": 0.0, "speak": 0.0, "pussygalor": 0.0, "fli": 0.0, "talent": 0.0008323454657411565, "asst": 0.0018701642119039903, "troubl": 0.0, "killer": 0.0051502013197891215, "word": 0.0005021912212578374, "person": 0.0016150695814717607, "skysportsgolf": 0.002086412269561678, "bill": 0.0008075347907358804, "piersmorgan": 0.24619664780827796, "coincid": 0.0, "b\u2026": 0.001347055276964403, "urg": 0.0, "la": 0.00023801978806849041, "ditch": 0.002086412269561678, "my": 0.0013315864573712676, "young": 0.001177213287034518, "apprentic": 0.0, "arrest": 0.0028365440393949633, "whilst": 0.0037403284238079807, "dinner": 0.001177213287034518, "pathet": 0.0, "die": 0.0, "time": 0.0001733535247976266, "sainsburi": 0.0, "line": 0.0008053574232299017, "foiiow": 0.002086412269561678, "journalist": 0.0017167337732630404, "major": 0.0, "well": 0.00101179732527247, "playbook": 0.002086412269561678, "mr": 0.000607698284367128, "gay": 0.001177213287034518, "column": 0.022317539052419524, " televisiontvm, thanks very much": 0.0, "canada": 0.0010485935233988442, "bullshit": 0.002086412269561678, "beefi": 0.0, "brexit": 0.0018701642119039903, "fee": 0.0, "america": 0.007262196221876154, "audienc": 0.0, "cock": 0.0017167337732630404, "mailon\u2026": 0.014604885886931745, "way": 8.66767623988133e-05, "presid": 0.0, "***new": 0.0, "dirti": 0.0, "trunp": 0.004172824539123356, "email": 0.0, "boy": 0.0008075347907358804, "imagin": 0.0, "memo": 0.0015004857156053527, "world": 0.0005448806653503901, "a\u2026": 0.0005599051330659614, "help": 0.0009277095924047075, "roll": 0.0007184392789155251, "india": 0.0008583668866315202, "great": 0.00163464199605117, "answer": 0.0, "men": 0.0019547535613315308, "harm": 0.0, "year": 0.0, "profil": 0.0, "per": 5.029902905132876e-05, "kp": 0.001771446620609761, "racist": 0.0018701642119039903, "joke": 0.0, "robbiesavage8": 0.014604885886931745, "player": 0.001177213287034518, "chang": 0.0, "https//\u2026": 0.0, "gorilla": 0.002086412269561678, "though": 0.0013966222079826798, "women": 0.01674483190617771, "pundit": 0.004172824539123356, "realdonaldtrump": 0.001228045382930158, "zoo": 0.0015004857156053527, "shatner": 0.002086412269561678, "buttler": 0.002086412269561678, "fan": 0.00028140412911059837, "thing": 0.00017520216905175256, "money": 0.002086412269561678, "haramb": 0.0, "hrc": 0.0015977238792287951, "ewanmcqueen_91": 0.002086412269561678, "media": 0.002743677484947083, "makeamericagreat": 0.002086412269561678, "gmangk": 0.002086412269561678, "few": 0.0018701642119039903, "cosbi": 0.0, "fraser": 0.002086412269561678, "number": 0.0017167337732630404}}